{"cameraMode":{"drawMode":0,"name":"Shaded","section":"Shading Mode"},"sceneLighting":true,"audioPlay":false,"sceneViewState":{"m_AlwaysRefresh":false,"showFog":true,"showSkybox":true,"showFlares":true,"showImageEffects":true,"showParticleSystems":true,"showVisualEffectGraphs":true,"m_FxEnabled":true},"in2DMode":false,"pivot":{"x":345.0581970214844,"y":183.63853454589845,"z":-198.7681427001953},"rotation":{"x":0.06714063137769699,"y":-0.00980211142450571,"z":-0.002325304551050067,"w":-0.9978481531143189},"size":175.56216430664063,"orthographic":false}