{"cameraMode":{"drawMode":0,"name":"Shaded","section":"Shading Mode"},"sceneLighting":false,"audioPlay":false,"sceneViewState":{"m_AlwaysRefresh":false,"showFog":true,"showSkybox":false,"showFlares":true,"showImageEffects":true,"showParticleSystems":true,"showVisualEffectGraphs":true,"m_FxEnabled":true},"in2DMode":false,"pivot":{"x":-0.013818889856338501,"y":1.3158679008483887,"z":0.03279244899749756},"rotation":{"x":-0.005652585066854954,"y":0.08241544663906098,"z":0.0007037951145321131,"w":0.9966409802436829},"size":0.9111290574073792,"orthographic":false}