{"cameraMode":{"drawMode":0,"name":"Shaded","section":"Shading Mode"},"sceneLighting":false,"audioPlay":false,"sceneViewState":{"m_AlwaysRefresh":false,"showFog":true,"showSkybox":false,"showFlares":true,"showImageEffects":true,"showParticleSystems":true,"showVisualEffectGraphs":true,"m_FxEnabled":true},"in2DMode":false,"pivot":{"x":221.92361450195313,"y":85.90428161621094,"z":-101.89999389648438},"rotation":{"x":0.02040785923600197,"y":0.012906791642308236,"z":-0.0002263812639284879,"w":0.9997541904449463},"size":260.10919189453127,"orthographic":false}