{"cameraMode":{"drawMode":0,"name":"Shaded","section":"Shading Mode"},"sceneLighting":false,"audioPlay":false,"sceneViewState":{"m_AlwaysRefresh":false,"showFog":true,"showSkybox":false,"showFlares":true,"showImageEffects":true,"showParticleSystems":true,"showVisualEffectGraphs":true,"m_FxEnabled":true},"in2DMode":false,"pivot":{"x":0.5344931483268738,"y":1.093336820602417,"z":1.0656189918518067},"rotation":{"x":0.09102900326251984,"y":-0.6343573927879334,"z":0.07592695951461792,"w":0.7639808654785156},"size":3.0517189502716066,"orthographic":false}