{"cameraMode":{"drawMode":0,"name":"Shaded","section":"Shading Mode"},"sceneLighting":false,"audioPlay":false,"sceneViewState":{"m_AlwaysRefresh":false,"showFog":true,"showSkybox":false,"showFlares":true,"showImageEffects":true,"showParticleSystems":true,"showVisualEffectGraphs":true,"m_FxEnabled":true},"in2DMode":false,"pivot":{"x":245.88253784179688,"y":36.8848762512207,"z":-101.62126159667969},"rotation":{"x":-0.005652585066854954,"y":0.08241544663906098,"z":0.0007037951145321131,"w":0.9966409802436829},"size":7.7445969581604,"orthographic":false}